Data from “Q(0Hz) vs h 230224”,,,,,
,,,,,
,P vs 2.0,<0.0001,P vs 0.667,<0.0001,n
h/mm,Q(h)/Q(300),SEM,Linear,,
0,0,0,0,,
200,0.54835,0.0166,0.667,,19
300,1,0,1,,
600,2.89184,0.126,2,,18
